Daniel;Koltze;Jørgensen;2000;22974699;danielkoltze@gmail.com;true;true;true;karl;karl;karl;1929;224323423;karl@gmail.com;false;false;false;Mie;Østergaard;Nielsen;1996;23145232;mieøstergaardnielsen@gmail.com;true;true;false;Rikke;Møller;Peedersen;1989;23145231;rikkemøllerpeedersen@gmail.com;true;true;false;Julie;Kepp;Jensen;2000;32543324;Juliekeppjensen@gmail.com;true;true;true;Alexander;Aslak;Nørgaard;1993;54634352;alexanderaslaknørgaard.com;true;true;true;Mathias;Zander;Rysgaard;1985;23452345;mathiaszanderrysgaard@gmail.com;true;true;false;Viktor;Koltze;Bromer;2001;234234234;viktorkoltzebromer@gmail.com;false;false;false;Karl;Emil;Andersen;1999;23453432;Karlemilandersen@yahoo.dk;true;false;true;Caroline;;Hansen;2001;43643264;Carolinehansen@gmail.com;true;true;true;Martin;Arnt Schreiner;Pedersen;1994;63236432;MartinPedersen@gmail.com;true;true;false;Adel;;Onid;2000;52325321;Adelonid@gmail.com;true;true;true;Henning;Henningo;Henningsen;1900;12345678;Henning@gmail.com;true;true;false;Peter;Rude;Torp;2005;20392352;Peterrudetorp@gmail.com;true;true;true;Aksel;;Skrydstrup;2007;25325323;akselskrydstrup;true;true;false;Jens;;Søndergaard;2008;52342342;Jenssøndergaard@gmail.com;true;true;true;Theis;;Nelander;2010;20352352;theisnelander@gmail.com;true;true;true;Freja;;Hansen;2005;25234235;frejahansen@gmail.com;true;true;true;Agnes;;Højriis;2004;52634232;agneshøjriis@gmail.com;false;false;true;Frida;Høj;Krenchel;2007;52393251;fridahøjkrenchel@yahoo.dk;true;true;true;Carmen;;Axberg;2007;58293042;carmenaxberg@yahoo.dk;true;true;false;